{
  "v": "5.9.0",
  "fr": 60,
  "ip": 0,
  "op": 120,
  "w": 512,
  "h": 512,
  "nm": "Infinity Core Spin",
  "ddd": 0,
  "assets": [],
  "layers": [
    {
      "ddd": 0,
      "ind": 1,
      "ty": 4,
      "nm": "Infinity Shape",
      "sr": 1,
      "ks": {
        "o": { "a": 0, "k": 100 },
        "r": { "a": 1, "k": [{ "t": 0, "s": 0 }, { "t": 120, "s": 360 }] },
        "p": { "a": 0, "k": [256, 256, 0] },
        "a": { "a": 0, "k": [0, 0, 0] },
        "s": { "a": 0, "k": [100, 100, 100] }
      },
      "shapes": [
        {
          "ty": "el",
          "p": { "a": 0, "k": [0, 0] },
          "s": { "a": 0, "k": [400, 200] },
          "nm": "Infinity Ellipse"
        },
        {
          "ty": "st",
          "c": { "a": 0, "k": [1, 0.84, 0, 1] },
          "o": { "a": 0, "k": 100 },
          "w": { "a": 0, "k": 12 }
        }
      ]
    }
  ]
}
