{
  "v": "5.9.0",
  "fr": 60,
  "ip": 0,
  "op": 120,
  "w": 512,
  "h": 512,
  "nm": "PowerStream Logo Spin",
  "ddd": 0,
  "assets": [],
  "layers": [
    {
      "ddd": 0,
      "ind": 1,
      "ty": 4,
      "nm": "Logo Layer",
      "sr": 1,
      "ks": {
        "o": { "a": 0, "k": 100 },
        "r": { "a": 1, "k": [{ "t": 0, "s": 0 }, { "t": 120, "s": 360 }] },
        "p": { "a": 0, "k": [256, 256, 0] },
        "a": { "a": 0, "k": [0, 0, 0] },
        "s": { "a": 0, "k": [100, 100, 100] }
      },
      "shapes": [
        {
          "ty": "rc",
          "p": { "a": 0, "k": [0, 0] },
          "s": { "a": 0, "k": [400, 400] },
          "r": { "a": 0, "k": 50 },
          "nm": "Outer Ring"
        },
        {
          "ty": "st",
          "c": { "a": 0, "k": [1, 0.84, 0, 1] },
          "o": { "a": 0, "k": 100 },
          "w": { "a": 0, "k": 14 }
        },
        {
          "ty": "gr",
          "it": [
            {
              "ty": "sh",
              "ks": {
                "a": 0,
                "k": {
                  "i": [],
                  "o": [],
                  "v": [[0, -100], [86, 50], [-86, 50]],
                  "c": true
                }
              },
              "nm": "PS Monogram"
            },
            {
              "ty": "fl",
              "c": { "a": 0, "k": [1, 0.84, 0, 1] }
            }
          ]
        }
      ]
    }
  ]
}
cd