{
  "name": "PowerStream Dark Theme",
  "background": {
    "primary": "#000000",
    "secondary": "#111111",
    "accent": "#1a1a1a",
    "card": "#1c1c1c",
    "overlay": "rgba(0, 0, 0, 0.8)"
  },
  "text": {
    "primary": "#ffffff",
    "secondary": "#cccccc",
    "muted": "#999999",
    "highlight": "#FFD700"
  },
  "buttons": {
    "primary": {
      "background": "#FFD700",
      "color": "#000000",
      "hover": "#e6c200"
    },
    "danger": {
      "background": "#ff4d4d",
      "color": "#ffffff",
      "hover": "#cc0000"
    },
    "secondary": {
      "background": "#333333",
      "color": "#ffffff",
      "hover": "#444444"
    }
  },
  "borders": {
    "light": "#333333",
    "medium": "#444444",
    "heavy": "#555555",
    "highlight": "#FFD700"
  },
  "status": {
    "success": "#4CAF50",
    "warning": "#FFA500",
    "error": "#FF4D4D",
    "info": "#2196F3"
  },
  "shadows": {
    "light": "0 2px 4px rgba(0,0,0,0.3)",
    "medium": "0 4px 8px rgba(0,0,0,0.4)",
    "heavy": "0 8px 16px rgba(0,0,0,0.5)"
  },
  "animations": {
    "hoverGlow": "0 0 10px rgba(255, 215, 0, 0.8)",
    "clickPulse": "0 0 15px rgba(255, 215, 0, 1)"
  }
}
